City_ID,City,Country,Lat,Lng,Max Temp,Humidity,Cloudiness,Wind Speed,Current Description
0,Punta Arenas,CL,-53.15,-70.9167,42.91,75,40,6.91,scattered clouds
1,Haftoni,AZ,38.7632,48.7622,61.3,76,50,4.23,scattered clouds
2,Esperance,AU,-33.8667,121.9,69.64,50,0,7.29,clear sky
3,Bluff,NZ,-46.6,168.3333,53.8,96,100,2.35,overcast clouds
4,Ribeira Grande,PT,38.5167,-28.7,61.72,86,7,2.86,clear sky
5,Cherskiy,RU,68.75,161.3,26.91,75,100,10.98,overcast clouds
6,Busselton,AU,-33.65,115.3333,67.05,58,0,1.92,clear sky
7,Arraial Do Cabo,BR,-22.9661,-42.0278,73.45,86,95,8.79,overcast clouds
8,Algeciras,ES,36.1333,-5.4505,58.68,82,0,3.44,clear sky
9,Hermanus,ZA,-34.4187,19.2345,56.89,83,7,4.21,clear sky
10,Qasigiannguit,GL,68.8193,-51.1922,12.45,84,2,6.49,clear sky
11,Dikson,RU,73.5069,80.5464,17.49,93,100,16.73,overcast clouds
12,Mataura,NZ,-46.1927,168.8643,53.47,98,100,0.6,light rain
13,Atuona,PF,-9.8,-139.0333,79.29,75,5,12.21,clear sky
14,Faya,SA,18.3851,42.4509,60.91,51,84,3.04,broken clouds
15,Mar Del Plata,AR,-38.0023,-57.5575,48.87,76,12,4.0,few clouds
16,Provideniya,RU,64.3833,-173.3,33.13,84,99,13.89,overcast clouds
17,Rio Piracicaba,BR,-19.9292,-43.1742,60.64,95,17,1.45,few clouds
18,Guerrero Negro,MX,27.9769,-114.0611,60.1,86,89,15.82,overcast clouds
19,Ushuaia,AR,-54.8,-68.3,40.66,70,20,12.66,few clouds
20,Kaduna,NG,10.5222,7.4383,77.27,61,68,4.36,broken clouds
21,Hithadhoo,MV,-0.6,73.0833,84.94,69,85,12.66,overcast clouds
22,Hobart,AU,-42.8794,147.3294,64.22,67,40,16.11,scattered clouds
23,Rikitea,PF,-23.1203,-134.9692,76.78,73,96,9.91,moderate rain
24,Vaini,TO,-21.2,-175.2,80.76,89,75,10.36,broken clouds
25,Ucluelet,CA,48.9329,-125.5528,52.09,83,55,1.01,broken clouds
26,Saint-Philippe,RE,-21.3585,55.7679,74.79,78,27,6.67,scattered clouds
27,Caloundra,AU,-26.8,153.1333,72.9,84,100,5.01,overcast clouds
28,Bethel,US,41.3712,-73.414,51.94,55,0,4.61,clear sky
29,Kasempa,ZM,-13.4584,25.8338,52.95,76,4,4.52,clear sky
30,Rio Gallegos,AR,-51.6226,-69.2181,41.05,81,0,6.91,clear sky
31,Port Elizabeth,ZA,-33.918,25.5701,61.09,73,0,11.5,clear sky
32,Albany,US,42.6001,-73.9662,47.17,56,3,4.07,clear sky
33,Port Alfred,ZA,-33.5906,26.891,54.18,80,70,3.0,broken clouds
34,Constantine,DZ,36.365,6.6147,44.01,81,0,2.3,clear sky
35,Horsham,GB,51.064,-0.3272,53.02,83,0,4.61,clear sky
36,Sao Felix Do Xingu,BR,-6.6447,-51.995,70.09,98,21,1.25,few clouds
37,Hilo,US,19.7297,-155.09,78.53,81,100,8.05,overcast clouds
38,Doha,QA,25.2867,51.5333,76.98,63,0,3.44,clear sky
39,Graaff-Reinet,ZA,-32.2522,24.5308,53.29,54,11,1.9,few clouds
40,Torbay,CA,47.6666,-52.7314,42.89,96,100,4.0,light rain
41,Rocha,UY,-34.4833,-54.3333,54.28,78,99,3.6,overcast clouds
42,Butaritari,KI,3.0707,172.7902,81.48,79,28,13.2,scattered clouds
43,Tilichiki,RU,60.4667,166.1,29.8,85,56,9.28,broken clouds
44,Mackay,AU,-21.15,149.2,83.68,73,37,19.57,scattered clouds
45,Sur,OM,22.5667,59.5289,87.17,58,45,4.9,scattered clouds
46,Manjacaze,MZ,-24.7117,33.8828,68.09,83,43,10.47,light rain
47,Uromi,NG,6.7,6.3333,71.78,93,88,3.74,overcast clouds
48,Kapaa,US,22.0752,-159.319,82.38,87,75,16.11,moderate rain
49,Isla Mujeres,MX,21.2311,-86.731,78.85,73,2,12.08,clear sky
50,Nioaque,BR,-21.1353,-55.83,73.26,56,31,1.95,scattered clouds
51,Marystown,CA,47.1666,-55.1483,42.85,100,100,4.03,overcast clouds
52,Airai,TL,-8.9266,125.4092,76.28,50,50,4.99,scattered clouds
53,Luderitz,NA,-26.6481,15.1594,60.26,47,0,8.88,clear sky
54,Olinda,BR,-8.0089,-34.8553,80.33,69,40,11.5,scattered clouds
55,Carnarvon,AU,-24.8667,113.6333,82.47,36,0,9.22,clear sky
56,Touros,BR,-5.1989,-35.4608,78.93,80,94,13.13,overcast clouds
57,Ferrol,ES,43.4832,-8.2369,54.68,86,43,1.43,scattered clouds
58,Avarua,CK,-21.2078,-159.775,82.45,78,20,9.22,few clouds
59,Cuamba,MZ,-14.8031,36.5372,59.07,96,0,3.33,clear sky
60,Ancud,CL,-41.8697,-73.8203,50.81,90,100,4.9,overcast clouds
61,Jamestown,US,42.097,-79.2353,53.24,35,0,9.22,clear sky
62,Phuket,TH,8.0,98.25,88.09,70,20,4.61,light rain
63,Los Llanos De Aridane,ES,28.6585,-17.9182,62.35,89,0,14.97,clear sky
64,East London,ZA,-33.0153,27.9116,60.28,69,34,10.92,scattered clouds
65,Phan Thiet,VN,10.9333,108.1,84.51,70,76,4.59,broken clouds
66,Fairbanks,US,64.8378,-147.7164,55.74,27,0,17.27,clear sky
67,Thompson,CA,55.7435,-97.8558,33.96,69,100,11.5,overcast clouds
68,Tuktoyaktuk,CA,69.4541,-133.0374,35.6,80,20,9.22,few clouds
69,Bundaberg,AU,-24.85,152.35,81.21,67,75,10.36,broken clouds
70,Avera,US,33.194,-82.5271,69.55,61,45,11.16,scattered clouds
71,Marienburg,PL,54.0359,19.0266,49.87,73,100,2.98,overcast clouds
72,Puerto Ayora,EC,-0.7393,-90.3518,71.53,93,58,6.33,broken clouds
73,Barrow,US,71.2906,-156.7887,28.42,74,40,8.05,scattered clouds
74,Victoria,HK,22.2855,114.1577,71.33,90,100,8.99,moderate rain
75,Eyl,SO,7.9803,49.8164,83.08,75,85,0.98,overcast clouds
76,Georgetown,MY,5.4112,100.3354,85.98,79,20,5.99,few clouds
77,Kalulushi,ZM,-12.8378,28.0919,52.95,91,24,3.6,few clouds
78,Tigzirt,DZ,36.8886,4.1198,54.66,79,40,7.58,scattered clouds
79,Caravelas,BR,-17.7125,-39.2481,74.25,82,10,4.03,clear sky
80,Ilhabela,BR,-23.7781,-45.3581,70.99,86,100,5.53,overcast clouds
81,Urbano Santos,BR,-3.2078,-43.4036,72.75,97,80,2.57,broken clouds
82,Kaitangata,NZ,-46.2817,169.8464,58.35,78,100,6.33,overcast clouds
83,Husavik,IS,66.0449,-17.3389,42.55,81,14,5.17,few clouds
84,Lavrentiya,RU,65.5833,-171.0,29.3,81,99,11.97,overcast clouds
85,New Norfolk,AU,-42.7826,147.0587,63.88,72,100,1.99,overcast clouds
86,Jalu,LY,29.0331,21.5482,73.96,22,99,10.8,overcast clouds
87,Itarema,BR,-2.9248,-39.9167,76.19,88,85,6.53,overcast clouds
88,Geraldton,AU,-28.7667,114.6,75.61,35,0,14.97,clear sky
89,Penalva,BR,-3.2942,-45.1736,72.88,97,100,3.06,overcast clouds
90,Fairhope,US,30.523,-87.9033,75.76,65,100,10.0,overcast clouds
91,Moree,AU,-29.4667,149.85,71.62,53,0,8.05,clear sky
92,Mahebourg,MU,-20.4081,57.7,75.49,88,40,8.05,scattered clouds
93,Irtyshskiy,RU,58.3333,68.1333,39.99,48,1,8.05,clear sky
94,Hidalgo,MX,20.5,-99.0,66.42,73,20,5.1,few clouds
95,Nanakuli,US,21.3906,-158.1547,82.35,63,0,13.8,clear sky
96,Sitka,US,57.0531,-135.33,51.69,54,75,9.22,broken clouds
97,Corn Island,NI,12.1694,-83.0418,81.21,81,99,14.85,overcast clouds
98,Vila Do Maio,CV,15.1333,-23.2167,70.59,80,8,13.47,clear sky
99,Winnemucca,US,40.973,-117.7357,60.85,44,100,5.75,overcast clouds
100,Bredasdorp,ZA,-34.5322,20.0403,53.47,90,7,4.03,clear sky
101,Muros,ES,42.7762,-9.0603,55.83,87,73,4.05,broken clouds
102,Bathsheba,BB,13.2167,-59.5167,79.41,83,40,16.11,scattered clouds
103,Port Hardy,CA,50.6996,-127.4199,55.58,62,75,8.05,broken clouds
104,Opuwo,NA,-18.0607,13.84,64.17,42,7,5.17,clear sky
105,Qaanaaq,GL,77.484,-69.3632,5.67,74,18,6.89,few clouds
106,Mandal,IN,25.45,74.5667,93.4,23,0,12.15,clear sky
107,Kodiak,US,57.79,-152.4072,40.51,87,100,25.32,moderate rain
108,Shuyskoye,RU,59.3736,41.0305,30.34,70,97,6.76,overcast clouds
109,Yerbogachen,RU,61.2767,108.0108,39.78,69,93,6.58,overcast clouds
110,Abbeville,FR,50.1,1.8333,40.5,90,100,2.37,overcast clouds
111,Castro,BR,-24.7911,-50.0119,57.29,98,84,3.29,broken clouds
112,Namibe,AO,-15.1961,12.1522,74.59,85,86,4.0,overcast clouds
113,Bako,ET,5.7833,36.5667,60.87,91,87,2.57,overcast clouds
114,Boali,CF,4.8005,18.1275,71.19,84,94,3.87,overcast clouds
115,Mabaruma,GY,8.2,-59.7833,72.36,89,71,2.62,broken clouds
116,Poum,NC,-20.2333,164.0167,76.91,75,9,5.26,clear sky
117,Salalah,OM,17.0151,54.0924,84.29,84,20,2.3,few clouds
118,Mangaldai,IN,26.4333,92.0333,79.86,62,94,9.75,overcast clouds
119,Marawi,PH,7.9986,124.2928,81.99,62,46,4.14,scattered clouds
120,Callaway,US,30.153,-85.5699,73.9,91,40,8.05,scattered clouds
121,Melo,UY,-32.3667,-54.1833,53.78,94,99,6.87,overcast clouds
122,Koutsouras,GR,35.0339,25.9469,65.1,56,94,14.25,overcast clouds
123,Arganil,PT,40.2183,-8.054,56.57,75,2,0.81,clear sky
124,Vardo,NO,70.3705,31.1107,29.3,72,96,20.4,light snow
125,Isangel,VU,-19.55,169.2667,81.41,81,100,5.79,overcast clouds
126,Bacolod,PH,10.6667,122.95,88.32,57,100,9.19,overcast clouds
127,Faanui,PF,-16.4833,-151.75,81.3,71,15,10.89,few clouds
128,Port Antonio,JM,18.18,-76.4612,80.51,85,18,7.56,few clouds
129,Mangrol,IN,21.1167,70.1167,85.21,76,1,8.23,clear sky
130,Upernavik,GL,72.7868,-56.1549,-0.72,75,7,7.07,clear sky
131,Port Augusta,AU,-32.5,137.7667,67.93,44,0,4.16,clear sky
132,Mandalgovi,MN,45.7625,106.2708,59.04,19,93,7.54,overcast clouds
133,Cape Town,ZA,-33.9258,18.4232,60.91,83,0,5.99,clear sky
134,Chicama,PE,-7.8447,-79.1469,61.34,83,61,6.24,broken clouds
135,Xining,CN,36.6167,101.7667,38.19,63,91,2.93,overcast clouds
136,Vila Franca Do Campo,PT,37.7167,-25.4333,62.2,91,4,2.06,clear sky
137,Luanda,AO,-8.8368,13.2343,77.0,83,40,9.22,scattered clouds
138,Manggar,ID,-2.8833,108.2667,86.92,65,86,5.73,overcast clouds
139,Chuy,UY,-33.6971,-53.4616,56.19,76,100,4.83,overcast clouds
140,Vao,NC,-22.6667,167.4833,74.98,82,37,25.05,scattered clouds
141,Saint George,US,37.1041,-113.5841,81.19,9,0,10.36,clear sky
142,Tasiilaq,GL,65.6145,-37.6368,32.16,57,22,5.61,few clouds
143,Kandara,IN,25.7191,73.2765,89.94,39,0,14.52,clear sky
144,Buala,SB,-8.145,159.5921,83.41,73,100,3.44,light rain
145,Atherton,GB,53.5237,-2.4935,48.42,93,100,1.01,light rain
146,Mareeba,AU,-17.0,145.4333,75.43,82,33,7.99,scattered clouds
147,Save,BJ,8.0425,2.486,74.68,88,45,3.91,scattered clouds
148,Norman Wells,CA,65.282,-126.8329,48.24,46,20,13.8,few clouds
149,Sabang,ID,5.8933,95.3214,84.33,74,99,8.88,overcast clouds
150,Krasnyy Chikoy,RU,50.3643,108.7512,65.05,38,25,10.65,scattered clouds
151,Talnakh,RU,69.4865,88.3972,20.21,88,100,11.25,light snow
152,Severo-Kurilsk,RU,50.6789,156.125,36.57,89,87,6.8,overcast clouds
153,Bud,US,39.447,-86.1758,69.94,79,100,12.35,overcast clouds
154,Bengkulu,ID,-3.8004,102.2655,75.56,94,100,8.25,light rain
155,Hasaki,JP,35.7333,140.8333,63.28,68,100,20.27,overcast clouds
156,Tenenkou,ML,14.4572,-4.9169,90.19,20,21,7.85,few clouds
157,Ostrovnoy,RU,68.0531,39.5131,16.77,87,90,10.38,overcast clouds
158,Acapulco,MX,16.8634,-99.8901,80.42,74,40,4.61,scattered clouds
159,Volno-Nadezhdinskoye,RU,43.3833,131.9917,44.08,70,75,0.0,light intensity shower rain
160,Yanam,IN,16.7333,82.2167,91.29,56,56,5.32,broken clouds
161,Pathein,MM,16.7833,94.7333,92.68,44,39,7.49,scattered clouds
162,Kavieng,PG,-2.5744,150.7967,83.14,72,92,3.89,light rain
163,Roebourne,AU,-20.7833,117.1333,85.35,43,72,13.94,broken clouds
164,Cabo San Lucas,MX,22.8909,-109.9124,81.7,40,20,10.36,few clouds
165,Sidney,AU,-33.8679,151.2073,72.61,54,40,5.99,scattered clouds
166,Garissa,KE,-0.4536,39.6401,77.81,76,88,14.74,overcast clouds
167,Loandjili,CG,-4.7561,11.8578,77.11,100,20,1.14,few clouds
168,Santa Cruz,BO,-17.8,-63.1667,69.26,88,0,5.75,clear sky
169,Khatanga,RU,71.9667,102.5,20.05,91,100,11.3,light snow
170,Vangaindrano,MG,-23.35,47.6,66.94,83,0,5.5,clear sky
171,Malanje,AO,-9.5402,16.341,60.12,93,95,3.33,overcast clouds
172,Tura,IN,25.5198,90.2201,80.94,63,2,0.76,clear sky
173,Gua Musang,MY,4.8823,101.9644,86.74,70,59,2.19,broken clouds
174,Grindavik,IS,63.8424,-22.4338,44.55,87,75,13.8,broken clouds
175,Zhengjiatun,CN,43.5064,123.5064,55.24,20,14,14.72,few clouds
176,Gibraleon,ES,37.3763,-6.969,61.02,65,0,4.76,clear sky
177,Codrington,AU,-38.2667,141.9667,64.63,65,96,13.71,overcast clouds
178,Shuiji,CN,27.4214,118.345,59.27,95,100,2.62,light rain
179,Clyde River,CA,70.4692,-68.5914,12.43,92,100,4.61,light snow
180,Cabinda,AO,-5.55,12.2,77.58,88,100,0.98,overcast clouds
181,Vila,PT,42.0304,-8.1588,41.88,83,18,2.08,few clouds
182,Basco,PH,20.4487,121.9702,82.22,72,47,6.26,scattered clouds
183,Oliver,CA,49.1831,-119.5524,55.31,62,83,2.3,broken clouds
184,Tigil,RU,57.8,158.6667,38.37,78,9,4.14,clear sky
185,Hambantota,LK,6.1241,81.1185,80.94,100,40,3.44,light rain
186,Te Anau,NZ,-45.4167,167.7167,56.05,97,100,1.25,moderate rain
187,Bilma,NE,18.6853,12.9164,88.34,10,89,4.74,overcast clouds
188,Raudeberg,NO,61.9875,5.1352,36.27,70,51,2.19,broken clouds
189,Maarianhamina,AX,60.0973,19.9348,37.26,93,0,1.14,clear sky
190,Nome,US,64.5011,-165.4064,51.87,51,0,10.36,clear sky
191,Constitucion,CL,-35.3333,-72.4167,51.73,63,0,6.76,clear sky
192,Longyearbyen,SJ,78.2186,15.6401,12.04,62,0,0.0,clear sky
193,Chokurdakh,RU,70.6333,147.9167,23.79,88,66,10.56,broken clouds
194,Den Helder,NL,52.9599,4.7593,42.98,95,100,0.0,fog
195,Kargasok,RU,59.0556,80.8572,33.35,50,100,7.99,overcast clouds
196,Saint-Georges,GD,12.0564,-61.7485,80.28,83,75,16.11,broken clouds
197,Lebu,CL,-37.6167,-73.65,49.17,82,9,13.44,clear sky
198,Nusaybin,TR,37.0778,41.2178,62.29,75,100,11.59,overcast clouds
199,Komsomolskiy,UZ,40.4272,71.7189,74.12,43,8,4.61,clear sky
200,Roald,NO,62.5833,6.1333,41.76,100,72,5.75,broken clouds
201,Riverton,US,40.5219,-111.9391,62.83,33,0,5.75,clear sky
202,Tuatapere,NZ,-46.1333,167.6833,55.31,96,100,3.29,light rain
203,Lorengau,PG,-2.0226,147.2712,83.61,77,100,4.76,overcast clouds
204,Pavagada,IN,14.1,77.2667,83.39,57,41,11.27,scattered clouds
205,Paramonga,PE,-10.6667,-77.8333,66.11,88,68,7.2,broken clouds
206,Margate,GB,51.3813,1.3862,48.69,80,100,1.01,overcast clouds
207,Koroni,GR,36.8,21.95,61.07,86,81,2.26,broken clouds
208,Sistranda,NO,63.7256,8.834,42.76,81,88,16.93,overcast clouds
209,Murzzuschlag,AT,47.6,15.6833,44.26,78,100,1.66,overcast clouds
210,Riyadh,SA,24.6877,46.7219,73.54,27,0,7.7,clear sky
211,Bilibino,RU,68.0546,166.4372,21.72,68,17,1.9,few clouds
212,Kalmunai,LK,7.4167,81.8167,84.25,74,89,4.68,overcast clouds
213,San Felipe,VE,10.3399,-68.7425,72.25,89,100,5.32,overcast clouds
214,Haines Junction,CA,60.7522,-137.5108,48.15,34,98,6.91,overcast clouds
215,Beloha,MG,-25.1667,45.05,66.69,83,18,6.93,few clouds
216,Kloulklubed,PW,7.0419,134.2556,81.1,76,90,12.17,overcast clouds
217,Ilulissat,GL,69.2167,-51.1,12.22,62,3,0.0,clear sky
218,Cardston,CA,49.2,-113.3019,53.74,32,100,6.91,overcast clouds
219,Batagay,RU,67.6333,134.6333,34.79,80,15,13.38,few clouds
220,Sao Joao Da Barra,BR,-21.6403,-41.0511,72.12,87,21,4.03,few clouds
221,Cidreira,BR,-30.1811,-50.2056,63.72,94,100,4.76,heavy intensity rain
222,Ponta Delgada,PT,37.7333,-25.6667,62.51,88,20,2.3,few clouds
223,Narsaq,GL,60.9167,-46.05,43.02,79,21,4.41,few clouds
224,Dandong,CN,40.1292,124.3947,59.68,34,100,0.4,overcast clouds
225,Karpathos,GR,35.507,27.2132,62.56,82,10,25.32,clear sky
226,Belyy Yar,RU,53.6039,91.3903,62.85,36,0,4.47,clear sky
227,Tautira,PF,-17.7333,-149.15,80.17,72,15,11.54,few clouds
228,Vozhega,RU,60.4725,40.2213,29.32,93,100,7.23,light snow
229,Shimoda,JP,34.6667,138.95,61.16,81,100,10.42,light rain
230,Yulara,AU,-25.2406,130.9889,64.24,59,100,11.5,overcast clouds
231,Awjilah,LY,29.1081,21.2869,74.03,22,100,11.36,overcast clouds
232,Kitami,JP,43.8031,143.8908,54.86,51,100,18.45,overcast clouds
233,Ketchikan,US,55.3422,-131.6461,61.27,31,0,6.91,clear sky
234,Gunjur,GM,13.2019,-16.7339,68.07,88,100,6.91,overcast clouds
235,Arlit,NE,18.7369,7.3853,84.52,9,61,9.82,broken clouds
236,Fortuna,US,40.5982,-124.1573,55.92,79,100,8.05,overcast clouds
237,Baykit,RU,61.67,96.37,35.46,57,61,9.66,broken clouds
238,Benjamin Hill,MX,30.1667,-111.1,77.68,14,92,8.32,overcast clouds
239,Sinnamary,GF,5.3833,-52.95,78.37,85,54,9.84,broken clouds
240,Ust-Kulom,RU,61.6864,53.6902,29.71,76,57,6.24,broken clouds
241,Pathalgaon,IN,22.5667,83.4667,95.0,19,26,2.77,scattered clouds
242,Nantucket,US,41.2835,-70.0995,48.25,71,0,10.36,clear sky
243,Victoria Point,AU,-27.5833,153.3,76.17,78,100,7.0,overcast clouds
244,Yasugi,JP,35.4333,133.25,57.15,94,75,12.66,broken clouds
245,Mount Gambier,AU,-37.8333,140.7667,67.91,68,75,19.57,broken clouds
246,Severo-Zadonsk,RU,54.0348,38.4017,33.82,68,17,2.37,few clouds
247,Comodoro Rivadavia,AR,-45.8667,-67.5,40.86,75,0,9.22,clear sky
248,Coffeyville,US,37.0373,-95.6164,62.65,58,0,4.61,clear sky
249,Nikolskoye,RU,59.7035,30.7861,39.09,76,100,5.64,overcast clouds
250,Vanersborg,SE,58.3807,12.3234,39.9,86,75,4.61,broken clouds
251,Yellowknife,CA,62.456,-114.3525,36.12,51,0,6.91,clear sky
252,Kamenka,RU,51.3223,42.7678,38.19,71,6,7.67,clear sky
253,Vostok,RU,46.4856,135.8833,41.02,51,100,7.65,overcast clouds
254,Ampanihy,MG,-24.7,44.75,67.46,80,86,6.38,light rain
255,Pasni,PK,25.2631,63.471,85.44,68,97,14.25,overcast clouds
256,Katherine,AU,-14.4667,132.2667,91.72,43,40,14.97,scattered clouds
257,Chumikan,RU,54.7183,135.315,35.35,88,99,4.12,overcast clouds
258,Balta,UA,47.9355,29.6198,43.16,90,6,6.22,clear sky
259,Sibolga,ID,1.7427,98.7792,85.62,66,97,2.48,overcast clouds
260,Samarai,PG,-10.6167,150.6667,82.17,74,86,7.99,overcast clouds
261,Emba,KZ,48.8264,58.1442,56.82,67,89,9.8,overcast clouds
262,Buin,CL,-33.7333,-70.75,60.73,53,0,3.51,clear sky
263,Lasem,ID,-6.6922,111.4527,84.56,77,100,7.43,overcast clouds
264,Darnah,LY,32.767,22.6367,63.01,63,100,1.68,overcast clouds
265,Warsaw,PL,52.2298,21.0118,49.86,81,0,1.14,clear sky
266,Yalutorovsk,RU,56.6536,66.3006,41.86,43,100,9.78,overcast clouds
267,Kudahuvadhoo,MV,2.6708,72.8944,85.91,68,100,15.37,overcast clouds
268,Udachnyy,RU,66.4167,112.4,21.45,57,83,18.97,broken clouds
269,Olafsvik,IS,64.8945,-23.7142,43.92,88,100,14.83,overcast clouds
270,Saskylakh,RU,71.9167,114.0833,12.43,88,100,16.58,overcast clouds
271,Rock Sound,BS,24.9,-76.2,75.4,75,4,17.25,clear sky
272,Kurchum,KZ,48.5722,83.6542,70.16,19,100,25.01,overcast clouds
273,Rundu,NA,-17.9333,19.7667,60.69,55,5,4.09,clear sky
274,Ullapool,GB,57.8987,-5.1604,48.34,94,99,4.09,overcast clouds
275,Tahoua,NE,14.8888,5.2692,81.52,15,91,1.3,overcast clouds
276,Machilipatnam,IN,16.1667,81.1333,88.02,64,49,10.38,scattered clouds
277,Kongolo,CD,-5.3833,27.0,68.36,97,100,0.78,light rain
278,Aden,YE,12.7794,45.0367,82.81,77,6,6.62,clear sky
279,Ponta Do Sol,PT,32.6667,-17.1,66.83,65,0,3.94,clear sky
280,Gamba,GA,-2.65,10.0,75.29,93,27,3.78,scattered clouds
281,La Ronge,CA,55.1001,-105.2842,39.45,65,75,12.66,broken clouds
282,Letnik,RU,46.011,41.2657,51.6,79,100,10.18,overcast clouds
283,Iqaluit,CA,63.7506,-68.5145,17.33,78,20,0.0,few clouds
284,Itoman,JP,26.1247,127.6694,70.57,85,75,12.66,broken clouds
285,Olimpia,BR,-20.7372,-48.9147,67.68,66,23,4.07,few clouds
286,Griffith,US,41.5284,-87.4237,63.25,91,100,4.61,heavy intensity rain
287,Zyryanka,RU,65.75,150.85,32.02,94,56,10.74,broken clouds
288,Zhigansk,RU,66.7697,123.3711,29.34,95,100,16.53,light snow
289,Pavlikeni,BG,43.2428,25.3219,44.67,90,0,3.89,clear sky
290,San Policarpo,PH,12.1791,125.5072,84.0,66,51,8.7,broken clouds
291,Kaeo,NZ,-35.1,173.7833,68.32,77,43,6.51,scattered clouds
292,Paris,FR,48.8534,2.3488,45.1,78,0,5.75,clear sky
293,Magaria,NE,12.9983,8.9099,86.22,31,100,8.84,overcast clouds
294,Fez,MA,34.0372,-4.9998,50.25,81,0,6.91,clear sky
295,Yeniseysk,RU,58.4497,92.1703,39.83,64,100,11.5,overcast clouds
296,College,US,64.8569,-147.8028,55.47,27,40,17.27,scattered clouds
297,Katsuura,JP,35.1333,140.3,62.08,72,100,19.62,overcast clouds
298,Juye,CN,35.3947,116.0883,72.72,20,100,12.15,overcast clouds
299,Chatellerault,FR,46.8,0.5333,47.28,59,100,7.07,overcast clouds
300,Ariquemes,BR,-9.9133,-63.0408,73.62,88,94,1.54,overcast clouds
301,Shieli,KZ,44.1667,66.75,75.99,25,98,6.85,overcast clouds
302,San Quintin,MX,30.4833,-115.95,59.86,85,100,7.49,overcast clouds
303,Hamada,JP,34.8833,132.0833,56.12,77,100,11.18,overcast clouds
304,Setermoen,NO,68.861,18.3486,28.36,91,100,6.64,overcast clouds
305,Pangnirtung,CA,66.1451,-65.7125,22.37,96,99,3.78,light snow
306,Ixtapa,MX,20.7,-105.2,76.23,69,40,9.22,scattered clouds
307,Petropavlovsk-Kamchatskiy,RU,53.0452,158.6483,41.59,52,75,15.66,broken clouds
308,Beringovskiy,RU,63.05,179.3167,27.46,94,100,18.25,light snow
309,Umm Lajj,SA,25.0213,37.2685,78.3,74,0,7.27,clear sky
310,Hastings,GB,50.8552,0.5729,50.23,74,100,4.54,overcast clouds
311,Ribeira Brava,PT,32.65,-17.0667,66.83,64,0,3.58,clear sky
312,Boke,GN,10.9409,-14.2967,76.78,70,92,2.57,overcast clouds
313,Beeville,US,28.4008,-97.7483,78.3,78,0,8.05,clear sky
314,Maceio,BR,-9.6658,-35.7353,74.64,88,40,2.3,scattered clouds
315,Owando,CG,-0.4819,15.8999,70.63,82,54,1.61,broken clouds
316,Omboue,GA,-1.5746,9.2618,76.15,93,63,4.34,broken clouds
317,Dicabisagan,PH,17.0818,122.4157,87.42,59,82,7.25,broken clouds
318,Port Moresby,PG,-9.4431,147.1797,90.82,55,40,11.5,scattered clouds
319,Goya,AR,-29.14,-59.2626,56.88,82,100,3.83,overcast clouds
320,Baley,RU,51.6,116.6333,49.64,40,98,4.7,overcast clouds
321,Hami,CN,42.8,93.45,66.87,14,0,5.21,clear sky
322,Vila Velha,BR,-20.3297,-40.2925,73.35,94,75,2.3,broken clouds
323,Tebingtinggi,ID,3.3285,99.1625,86.5,70,64,1.66,broken clouds
324,Hobyo,SO,5.3505,48.5268,83.21,75,76,8.03,light rain
325,Pisco,PE,-13.7,-76.2167,66.02,82,0,9.22,clear sky
326,Staryy Nadym,RU,65.6118,72.6842,26.91,95,100,2.26,snow
327,Buraydah,SA,26.326,43.975,73.85,36,0,8.01,clear sky
328,Kupang,ID,-10.1667,123.5833,88.34,58,12,8.59,few clouds
329,San Luis,AR,-33.295,-66.3356,50.18,60,0,6.35,clear sky
330,Papara,BR,-3.9839,-38.7273,81.0,94,78,2.59,broken clouds
331,Kununurra,AU,-15.7667,128.7333,93.18,46,9,14.97,clear sky
332,Matara,LK,5.9485,80.5353,83.68,77,100,12.21,moderate rain
333,Copiapo,CL,-27.3667,-70.3333,53.29,67,41,0.38,scattered clouds
334,Cayenne,GF,4.9333,-52.3333,81.09,2,20,8.99,few clouds
335,Saint-Pierre,RE,-21.3393,55.4781,74.88,75,0,8.05,clear sky
336,Marovoay,MG,-16.1,46.6333,73.62,86,0,3.06,clear sky
337,Taitung,TW,22.7583,121.1444,75.47,88,75,3.44,broken clouds
338,Mayumba,GA,-3.432,10.6554,76.39,90,91,4.47,overcast clouds
339,Nanortalik,GL,60.1432,-45.2371,35.67,95,89,6.42,overcast clouds
340,Mayo,US,38.8876,-76.5119,56.26,66,0,3.44,clear sky
341,Gioia Tauro,IT,38.424,15.899,62.29,61,100,1.92,overcast clouds
342,Albion,US,42.2431,-84.753,55.35,46,75,12.66,broken clouds
343,Tommot,RU,58.9564,126.2925,43.59,45,55,6.82,broken clouds
344,Zhongshu,CN,24.5167,103.7667,51.06,87,100,5.32,overcast clouds
345,Mana,GF,5.6592,-53.7767,77.63,86,27,8.25,scattered clouds
346,Maroantsetra,MG,-15.4333,49.7333,73.18,89,83,2.62,broken clouds
347,Kaitong,CN,44.8135,123.15,52.61,21,8,19.19,clear sky
348,Immokalee,US,26.4187,-81.4173,69.78,93,77,5.75,broken clouds
349,Richards Bay,ZA,-28.783,32.0377,63.32,81,0,9.13,clear sky
350,San Lorenzo,PY,-25.3333,-57.5333,70.74,88,0,5.01,clear sky
351,Dinghai,CN,26.2847,119.7936,61.72,84,100,14.67,overcast clouds
352,Shushenskoye,RU,53.325,91.9356,69.31,32,23,2.13,few clouds
353,Lata,PT,40.1629,-8.3327,50.09,89,11,1.36,few clouds
354,Broome,US,42.2506,-75.833,41.14,62,100,1.99,overcast clouds
355,Quatre Cocos,MU,-20.2078,57.7625,75.31,84,29,9.06,scattered clouds
356,Kapit,MY,2.0167,112.9333,92.07,55,62,0.87,broken clouds
357,Frei Paulo,BR,-10.5494,-37.5344,69.46,89,100,3.62,overcast clouds
358,Timra,SE,62.487,17.3257,35.28,87,100,3.44,overcast clouds
359,Sikeston,US,36.8767,-89.5879,73.44,78,0,9.22,clear sky
360,Aswan,EG,24.0934,32.907,78.1,20,0,6.91,clear sky
361,Ajdabiya,LY,30.7554,20.2263,70.83,30,100,19.48,overcast clouds
362,Huilong,CN,31.8111,121.655,61.45,45,100,6.44,overcast clouds
363,Mamakan,RU,57.8161,114.0028,44.19,95,100,4.36,overcast clouds
364,Angoche,MZ,-16.2325,39.9086,71.08,91,25,7.49,scattered clouds
365,Piacabucu,BR,-10.4056,-36.4344,76.17,83,100,7.63,overcast clouds
366,Praia Da Vitoria,PT,38.7333,-27.0667,57.76,94,20,3.78,few clouds
367,Ingham,US,42.6,-84.3833,54.63,41,0,10.36,clear sky
368,Kruisfontein,ZA,-34.0033,24.7314,52.11,78,57,6.67,broken clouds
369,Taoudenni,ML,22.6783,-3.9836,75.7,25,0,16.42,clear sky
370,Natal,BR,-5.795,-35.2094,80.82,78,40,5.75,scattered clouds
371,Masuguru,TZ,-11.3667,38.4167,66.96,93,5,2.89,clear sky
372,Domoni,KM,-12.2569,44.5319,75.54,95,100,1.25,heavy intensity rain
373,Buta,CD,2.7858,24.73,68.79,100,100,0.54,light rain
374,Tiksi,RU,71.6872,128.8694,34.45,94,100,11.92,overcast clouds
375,Gold Coast,AU,-28.0,153.4333,73.0,86,100,11.5,light intensity shower rain
376,Honiara,SB,-9.4333,159.95,84.09,76,100,4.7,overcast clouds
377,Basoko,CD,1.2391,23.616,70.79,96,100,2.42,light rain
378,Idritsa,RU,56.3316,28.8988,32.43,67,60,1.92,broken clouds
379,Imeni Poliny Osipenko,RU,52.4201,136.4853,39.15,66,97,8.81,overcast clouds
380,Redlands,US,34.0556,-117.1825,74.55,47,0,3.0,clear sky
381,Alofi,NU,-19.0595,-169.9187,80.49,89,97,4.61,overcast clouds
382,Hokitika,NZ,-42.7167,170.9667,60.24,83,100,6.51,overcast clouds
383,Manaure,CO,11.7751,-72.4445,82.85,79,100,6.55,overcast clouds
384,Hamilton,US,39.1834,-84.5333,67.42,78,20,19.57,few clouds
385,Andenes,NO,69.3143,16.1194,31.98,80,100,12.66,overcast clouds
386,Vestmanna,FO,62.1564,-7.1664,43.72,81,100,2.3,overcast clouds
387,Ossora,RU,59.2353,163.0719,31.39,94,23,2.15,few clouds
388,Anapskaya,RU,44.89,37.38,52.03,76,0,13.42,clear sky
389,Rumoi,JP,43.9344,141.6428,51.39,54,100,12.41,overcast clouds
390,Raisen,IN,23.3333,77.8,92.89,31,0,11.12,clear sky
391,Bundibugyo,UG,0.7414,30.0417,64.85,95,76,2.64,broken clouds
392,Yining,CN,29.0361,114.5636,64.47,68,100,2.04,light rain
393,Kolyvan,RU,55.3053,82.7391,46.02,70,100,14.9,overcast clouds
394,Netrakona,BD,24.8833,90.7167,81.61,65,1,4.97,clear sky
395,Adrar,MR,20.5022,-10.0711,74.1,15,29,8.32,scattered clouds
396,Quebo,GW,11.3333,-14.9333,75.78,73,45,3.24,scattered clouds
397,Durgapur,IN,23.4833,87.3167,79.09,78,40,9.22,haze
398,Abu Kamal,SY,34.4506,40.9171,70.57,53,0,13.11,clear sky
399,Mantua,IT,45.1667,10.7833,58.24,75,99,1.01,overcast clouds
400,Belaya Gora,RU,68.5333,146.4167,29.14,89,19,5.37,few clouds
401,Teya,RU,60.3778,92.6267,30.56,78,99,8.3,overcast clouds
402,Kahului,US,20.8947,-156.47,80.62,69,40,20.71,scattered clouds
403,Pangai,TO,-19.8,-174.35,81.66,81,100,11.88,light rain
404,Sao Borja,BR,-28.6606,-56.0044,63.95,97,76,4.12,broken clouds
405,Rawah,IQ,34.4816,41.9093,71.4,49,19,8.77,few clouds
406,Sartana,UA,47.1744,37.6927,52.14,62,99,14.99,overcast clouds
407,Kashi,CN,39.4547,75.9797,63.61,29,75,4.47,dust
408,Port Hedland,AU,-20.3167,118.5667,84.25,42,58,14.97,broken clouds
409,Cuiluan,CN,47.72,128.648,42.8,67,100,10.33,overcast clouds
410,Vanino,RU,49.0869,140.2543,38.62,73,93,8.19,overcast clouds
411,Punta Cardon,VE,11.6581,-70.215,83.1,69,100,12.93,overcast clouds
412,Makamba,BI,-4.1348,29.804,60.17,91,82,2.01,broken clouds
413,Hualmay,PE,-11.0964,-77.6139,66.06,87,68,7.31,broken clouds
414,Lapi,PH,17.716,121.8978,92.64,48,76,1.57,broken clouds
415,Mahon,ES,39.8885,4.2658,59.56,67,0,4.61,clear sky
416,Korla,CN,41.7597,86.1469,63.16,19,6,7.72,clear sky
417,Saldanha,ZA,-33.0117,17.9442,51.85,87,5,7.25,clear sky
418,Abaza,RU,52.655,90.0928,69.58,28,82,3.44,broken clouds
419,Manado,ID,1.487,124.8455,88.57,66,40,1.14,scattered clouds
420,Trat,TH,12.5,102.5,85.87,67,71,3.04,light rain
421,Aykhal,RU,66.0,111.5,17.08,83,49,22.28,scattered clouds
422,Ibirite,BR,-20.0219,-44.0589,67.51,80,2,3.18,clear sky
423,Careiro Da Varzea,BR,-3.2003,-59.8119,79.41,97,100,4.25,overcast clouds
424,Bongandanga,CD,1.5,21.05,69.28,98,100,1.95,overcast clouds
425,Huarmey,PE,-10.0681,-78.1522,66.97,86,77,7.52,broken clouds
426,Puerto El Triunfo,SV,13.2833,-88.55,81.43,77,100,5.03,overcast clouds
427,Pudozh,RU,61.8099,36.5345,32.63,96,100,5.06,overcast clouds
428,Kargat,RU,55.1956,80.2811,46.89,65,100,17.29,overcast clouds
429,Flin Flon,CA,54.7682,-101.865,37.02,98,100,8.01,overcast clouds
430,Saint-Augustin,CA,51.226,-58.6502,38.68,90,100,18.1,overcast clouds
431,Tungor,RU,53.3808,142.9564,33.57,98,100,4.72,overcast clouds
432,Katobu,ID,-4.9408,122.5276,85.68,67,99,4.5,overcast clouds
433,Mapastepec,MX,15.4333,-92.9,81.01,81,100,0.98,overcast clouds
434,Zaysan,KZ,47.4667,84.8667,67.19,19,100,1.59,overcast clouds
435,Prince Rupert,CA,54.3161,-130.3201,55.49,50,0,2.3,clear sky
436,Presidente Medici,BR,-11.1753,-61.9014,73.71,89,100,1.88,overcast clouds
437,Horki,BY,54.2861,30.9842,36.81,75,99,7.58,overcast clouds
438,Tiznit,MA,29.5833,-9.5,66.13,33,0,2.71,clear sky
439,Henties Bay,NA,-22.116,14.2845,56.77,89,0,4.21,clear sky
440,Kajaani,FI,64.2273,27.7285,24.85,93,0,1.14,clear sky
441,Uglegorsk,RU,49.0833,142.0333,37.35,75,36,8.14,scattered clouds
442,Kyakhta,RU,50.3508,106.4494,64.87,30,23,5.99,few clouds
443,Maragogi,BR,-9.0122,-35.2225,76.59,80,75,8.86,broken clouds
444,Mandera,KE,3.9366,41.867,80.11,72,96,6.8,overcast clouds
445,Shingu,JP,33.7333,135.9833,59.47,94,100,2.35,light rain
446,Sao Filipe,CV,14.8961,-24.4956,71.51,76,16,7.74,few clouds
447,Mweka,CD,-4.85,21.5667,66.9,99,59,1.72,broken clouds
448,Copala,MX,16.65,-98.9833,78.75,67,20,4.32,few clouds
449,Clemson,US,34.6834,-82.8374,70.84,81,0,4.61,clear sky
450,Longhua,CN,23.6137,114.1919,61.59,96,100,4.83,moderate rain
451,Maningrida,AU,-12.0667,134.2667,90.43,47,72,10.8,broken clouds
452,Diu,IN,20.7141,70.9822,85.32,73,5,7.34,clear sky
453,Vestmannaeyjar,IS,63.4427,-20.2734,45.43,80,25,16.24,scattered clouds
454,Port Blair,IN,11.6667,92.75,86.04,74,40,1.14,mist
455,Havre,FR,49.5833,0.3333,46.17,81,0,3.44,clear sky
456,Inhambane,MZ,-23.865,35.3833,66.88,91,0,5.46,clear sky
457,Chincha Alta,PE,-13.4099,-76.1323,63.19,77,18,2.84,few clouds
458,Plainfield,US,40.6168,-74.4173,55.89,52,0,1.01,clear sky
459,Aflao,TG,6.116,1.1914,80.73,89,40,5.75,scattered clouds
460,Malm,NO,64.0721,11.2172,42.78,96,100,9.22,overcast clouds
461,Maturin,VE,9.75,-63.1767,75.74,85,96,6.29,overcast clouds
462,Grand-Santi,GF,4.25,-54.3833,70.86,99,32,2.06,scattered clouds
463,Broken Hill,AU,-31.95,141.4333,64.11,52,0,3.44,clear sky
464,Honjo,JP,36.2333,139.1833,57.43,60,100,4.72,overcast clouds
465,Mountain Home,US,43.133,-115.6912,51.28,93,75,13.8,thunderstorm with light rain
466,Flinders,AU,-34.5833,150.8552,67.28,44,6,3.56,clear sky
467,Kuandian,CN,40.7286,124.7847,51.46,37,100,6.26,overcast clouds
468,Kiruna,SE,67.8557,20.2251,22.12,74,40,3.44,scattered clouds
469,Santa Isabel Do Rio Negro,BR,-0.4139,-65.0192,71.55,97,60,1.61,broken clouds
470,Stromness,GB,58.965,-3.296,46.36,90,97,13.0,overcast clouds
471,Poso,ID,-1.3959,120.7524,88.18,59,44,4.36,scattered clouds
472,Diffa,NE,13.3154,12.6113,84.24,42,96,6.71,overcast clouds
473,Luwuk,ID,-0.9516,122.7875,85.71,72,50,4.12,scattered clouds
474,Yima,CN,34.7381,111.8839,66.65,17,99,14.65,overcast clouds
475,Lengshuijiang,CN,27.6881,111.4294,56.21,84,100,2.82,moderate rain
476,Maneromango,TZ,-7.1988,38.7848,67.17,97,96,3.8,overcast clouds
477,Yar-Sale,RU,66.8333,70.8333,21.16,81,85,11.7,overcast clouds
478,Gravdal,NO,68.1214,13.5031,37.65,89,100,19.82,overcast clouds
479,Hofn,IS,64.2539,-15.2082,48.36,51,41,8.41,scattered clouds
480,Kabompo,ZM,-13.5927,24.2008,53.96,82,34,5.14,scattered clouds
481,Babino,RU,56.2256,43.6238,30.18,74,0,0.0,clear sky
482,Schoningen,DE,52.138,10.9675,50.05,83,100,4.52,overcast clouds
483,Sisimiut,GL,66.9395,-53.6735,16.7,64,18,8.5,few clouds
484,Aasiaat,GL,68.7098,-52.8699,5.2,95,17,6.76,few clouds
485,Lagoa,PT,39.05,-27.9833,60.37,88,2,6.6,clear sky
486,Iralaya,HN,15.0,-83.2333,79.05,77,99,9.51,overcast clouds
487,Bani Walid,LY,31.7566,13.9942,60.22,74,70,17.27,broken clouds
488,Chilca,PE,-12.5211,-76.7372,65.28,90,74,5.17,broken clouds
489,Vung Tau,VN,10.346,107.0843,82.53,77,99,7.58,overcast clouds
490,Nagua,DO,19.3832,-69.8474,73.92,92,81,6.69,broken clouds
491,Bambous Virieux,MU,-20.3428,57.7575,75.45,88,40,8.05,scattered clouds
492,Lompoc,US,34.6391,-120.4579,62.78,80,0,28.99,clear sky
493,Rudnogorsk,RU,57.2639,103.7519,54.81,81,100,8.43,overcast clouds
494,Bestobe,KZ,52.4994,73.0975,56.17,63,100,13.73,overcast clouds
495,Vilcun,CL,-38.65,-72.2333,34.54,95,12,1.97,few clouds
496,Dunedin,NZ,-45.8742,170.5036,62.8,60,100,6.17,overcast clouds
497,Limerick,IE,52.6647,-8.6231,51.75,93,100,5.66,overcast clouds
498,San Patricio,US,28.017,-97.5169,78.69,85,2,10.27,clear sky
499,Pokrovsk,UA,48.282,37.1758,41.63,71,0,7.65,clear sky
500,Iskateley,RU,67.6803,53.1512,17.08,89,30,10.69,scattered clouds
501,Kavaratti,IN,10.5669,72.642,84.87,74,88,12.37,overcast clouds
502,Najran,SA,17.4924,44.1277,70.45,42,100,4.14,overcast clouds
503,Teguise,ES,29.0605,-13.564,61.02,82,0,14.97,clear sky
504,Urusha,RU,54.05,122.9,48.88,21,8,3.87,clear sky
505,Yuyao,CN,30.05,121.1494,64.76,61,100,6.85,overcast clouds
506,Laguna,US,38.421,-121.4238,71.89,56,0,21.85,clear sky
507,Acarau,BR,-2.8856,-40.12,77.04,86,83,6.53,broken clouds
508,Yenagoa,NG,4.9247,6.2642,76.06,93,59,3.38,broken clouds
509,Hovd,MN,48.0056,91.6419,59.88,16,99,2.13,overcast clouds
510,Pinega,RU,64.7001,43.3936,27.01,86,29,4.79,scattered clouds
511,Cusuna,HN,15.85,-85.2333,76.46,85,39,9.08,scattered clouds
512,Polunochnoye,RU,60.8697,60.4153,36.1,56,57,8.59,broken clouds
513,Sorata,BO,-15.7667,-68.6333,45.66,83,76,1.34,broken clouds
514,Bismarck,US,46.8083,-100.7837,48.04,61,100,23.02,overcast clouds
515,Port-Gentil,GA,-0.7193,8.7815,81.43,78,59,5.95,light rain
516,Teknaf,BD,20.8624,92.3058,86.25,62,31,4.97,scattered clouds
517,Vanavara,RU,60.34,102.2797,39.78,66,100,8.19,overcast clouds
518,Ambilobe,MG,-13.2,49.05,70.36,94,5,2.89,clear sky
519,Coquimbo,CL,-29.9533,-71.3436,55.13,87,0,4.61,clear sky
520,Lahaina,US,20.8783,-156.6825,80.6,85,99,11.45,overcast clouds
521,Barranca,PE,-10.75,-77.7667,65.16,87,67,6.44,broken clouds
522,Nishihara,JP,26.1842,127.7558,69.85,86,100,12.66,mist
523,Gouyave,GD,12.1646,-61.7296,79.57,83,75,16.11,broken clouds
524,Jasper,US,37.2001,-94.3502,60.24,76,0,7.34,clear sky
525,Srednekolymsk,RU,67.45,153.6833,29.93,88,16,5.61,few clouds
526,Ranau,MY,5.9538,116.6641,85.53,56,89,2.1,overcast clouds
527,Tshela,CD,-4.9833,12.9333,72.05,95,100,1.34,overcast clouds
528,Puerto Carreno,CO,6.189,-67.4859,75.04,91,100,1.77,overcast clouds
529,Baker City,US,44.7749,-117.8344,40.71,90,100,3.44,overcast clouds
530,Independencia,BR,-5.3964,-40.3086,73.74,65,77,2.21,broken clouds
531,Asau,RO,46.4333,26.4,42.96,98,80,2.75,broken clouds
532,Tomatlan,MX,19.9333,-105.25,70.72,71,100,1.05,overcast clouds
533,Salinopolis,BR,-0.6136,-47.3561,76.19,91,85,7.16,overcast clouds
534,Vagur,FO,61.4732,-6.8119,45.79,90,82,7.96,broken clouds
535,Woodstock,CA,43.1334,-80.7497,51.66,33,100,1.01,overcast clouds
536,Aklavik,CA,68.2191,-135.0107,35.76,90,97,10.71,overcast clouds
537,Jiwani,PK,25.05,61.7417,85.3,66,97,21.43,overcast clouds
538,Hit,IQ,33.6416,42.8251,74.3,42,1,11.41,clear sky
539,Teguldet,RU,57.3064,88.1667,42.42,68,100,7.74,overcast clouds
540,Walvis Bay,NA,-22.9575,14.5053,55.09,87,0,1.14,clear sky
541,Tanout,NE,14.9709,8.8879,83.46,17,60,2.55,broken clouds
542,Oktyabrskiy,RU,54.4815,53.471,43.3,65,99,5.68,overcast clouds
543,Havoysund,NO,70.9963,24.6622,28.63,75,100,6.06,light snow
544,Opotiki,NZ,-38.0833,177.2833,68.38,65,12,5.46,few clouds
545,Pevek,RU,69.7008,170.3133,13.96,84,83,6.2,broken clouds
546,Karpogory,RU,64.0019,44.4451,28.31,90,98,5.3,overcast clouds
547,San Carlos De Bariloche,AR,-41.1456,-71.3082,33.55,86,40,3.44,scattered clouds
548,Villa Bruzual,VE,9.3328,-69.1208,72.09,94,100,2.26,overcast clouds
549,Cartagena,CO,10.3997,-75.5144,82.02,89,75,2.3,broken clouds
550,Pitimbu,BR,-7.4706,-34.8086,77.59,74,100,11.41,overcast clouds
551,Caceres,ES,39.522,-6.3748,56.91,68,3,4.56,clear sky
552,Saint-Joseph,RE,-21.3667,55.6167,73.78,80,33,3.33,scattered clouds
553,Perth,AU,-31.9333,115.8333,74.66,46,0,4.61,clear sky
554,Kabalo,CD,-6.05,26.9167,67.89,97,93,2.64,light rain
555,Nuuk,GL,64.1835,-51.7216,25.41,74,20,16.11,few clouds
556,Half Moon Bay,US,37.4636,-122.4286,58.8,72,0,25.32,mist
557,Wattegama,LK,6.7989,81.4808,82.51,75,100,2.08,moderate rain
558,Bemidji,US,47.4736,-94.8803,42.89,100,100,4.61,overcast clouds
559,Maloy,NO,61.9353,5.1136,37.13,70,50,1.7,scattered clouds
560,Ngunguru,NZ,-35.6167,174.5,65.14,73,27,6.8,scattered clouds
561,Civitavecchia,IT,42.0933,11.7967,55.38,91,98,6.71,overcast clouds
562,Grand Forks,US,47.9417,-97.4337,40.73,93,100,23.02,overcast clouds
563,Aberdeen,GB,57.1437,-2.0981,47.19,100,100,5.75,overcast clouds
564,Anadyr,RU,64.75,177.4833,30.7,68,40,15.66,scattered clouds
565,Iskele,TR,39.484,26.9278,57.29,72,20,18.41,few clouds
566,Suntar,RU,62.1444,117.6319,38.64,86,100,3.89,overcast clouds
567,Kisangani,CD,0.5167,25.2,69.84,100,100,1.19,light rain
568,Sucua,EC,-2.4667,-78.1667,65.88,92,95,3.33,overcast clouds
569,Uarini,BR,-2.99,-65.1083,71.11,97,25,1.01,scattered clouds
570,Bama,NG,11.5221,13.6856,83.79,48,90,5.93,overcast clouds
571,Eydhafushi,MV,5.1033,73.0708,85.08,74,100,16.62,overcast clouds
572,Ordynskoye,RU,54.3656,81.8994,52.5,73,100,14.32,overcast clouds
573,Storsteinnes,NO,69.2408,19.2344,31.37,94,100,4.7,overcast clouds
574,Alihe,CN,50.5667,123.7167,48.96,26,52,5.1,broken clouds
575,Turukhansk,RU,65.8167,87.9833,24.73,85,99,16.35,overcast clouds
576,Sechura,PE,-5.5569,-80.8222,68.65,79,25,15.32,scattered clouds
577,Souillac,MU,-20.5167,57.5167,75.58,88,40,8.05,scattered clouds
578,Kiama,AU,-34.6833,150.8667,67.48,49,4,3.65,clear sky
579,Puerto Escondido,MX,15.85,-97.0667,83.23,74,75,3.44,broken clouds
580,Arman,RU,59.7,150.1667,48.02,61,8,3.89,clear sky
581,Okhotsk,RU,59.3833,143.3,39.6,74,18,8.1,few clouds
582,Guaruja,BR,-23.9931,-46.2564,73.89,26,79,4.27,broken clouds
583,Kampot,KH,10.6167,104.1833,80.65,66,72,5.14,broken clouds
584,Nikki,BJ,9.9401,3.2108,75.78,71,46,4.38,scattered clouds
585,Klaksvik,FO,62.2266,-6.589,45.52,79,96,5.41,overcast clouds
586,Iracoubo,GF,5.4802,-53.2011,78.57,84,44,10.33,scattered clouds
587,El Alto,PE,-4.2714,-81.2147,66.96,82,73,13.11,broken clouds
588,Ovre Ardal,NO,61.3167,7.8,26.02,92,14,3.36,few clouds
589,Altay,CN,47.8667,88.1167,63.39,29,99,4.63,overcast clouds
590,Paka,MY,4.6374,103.4368,86.11,70,28,5.48,scattered clouds
591,Namatanai,PG,-3.6667,152.4333,84.04,70,100,3.6,light rain
592,Carutapera,BR,-1.195,-46.02,74.91,94,76,3.31,broken clouds
593,Sulangan,PH,11.1373,123.7228,82.67,71,100,7.56,overcast clouds
594,Nioro,GM,13.35,-15.75,77.58,43,72,3.76,broken clouds
595,Puerto Del Rosario,ES,28.5004,-13.8627,64.15,82,0,11.5,clear sky
596,Berlevag,NO,70.8578,29.0864,24.6,65,100,19.62,light snow
597,Bandarbeyla,SO,9.4942,50.8122,82.76,77,85,2.86,overcast clouds
598,Shache,CN,38.4167,77.2406,67.08,10,10,3.53,clear sky
599,Saint-Leu,RE,-21.15,55.2833,74.26,78,5,4.65,clear sky
600,Les Cayes,HT,18.2,-73.75,75.11,85,47,2.62,scattered clouds
601,Tirano,IT,46.2154,10.1679,48.31,99,99,6.26,overcast clouds
602,Kimbe,PG,-5.5502,150.1429,85.98,69,97,5.37,light rain
603,Sioux Lookout,CA,50.1001,-91.917,44.67,45,100,6.91,light rain
604,Senno,RU,59.5336,33.9167,31.26,74,75,6.06,light snow
605,Shawville,CA,45.6001,-76.4827,43.83,66,58,6.06,broken clouds
606,Pozo Colorado,PY,-23.4923,-58.7972,70.48,83,3,1.95,clear sky
607,Asyut,EG,27.181,31.1837,68.18,40,0,7.25,clear sky
608,Cuajinicuilapa,MX,16.4667,-98.4167,78.91,71,16,3.06,few clouds
609,Emerald,AU,-23.5333,148.1667,81.34,50,24,6.91,few clouds
610,Rakovnik,CZ,50.1037,13.7334,46.85,76,99,2.17,overcast clouds
611,Banjar,ID,-8.19,114.9675,89.6,61,100,5.61,overcast clouds
612,San Jose,US,37.3394,-121.895,62.47,66,20,13.8,few clouds
613,Taksimo,RU,56.3444,114.8794,48.96,67,96,0.98,overcast clouds
614,Wajir,KE,1.7471,40.0573,76.33,84,100,10.56,light rain
615,Pandan,PH,14.0453,124.1694,85.53,65,87,8.68,overcast clouds
616,Tamandare,BR,-8.7597,-35.1047,76.41,81,99,7.99,overcast clouds
617,Ekhabi,RU,53.5102,142.9671,33.49,96,100,5.12,overcast clouds
618,Chernyshevskiy,RU,63.0128,112.4714,29.3,71,86,6.87,overcast clouds
619,San Cristobal,VE,7.7669,-72.225,73.58,97,100,3.11,overcast clouds
620,Suhbaatar,MN,50.2314,106.2078,66.07,30,20,5.03,few clouds
621,Manama,BH,26.2154,50.5832,80.35,57,0,1.14,clear sky
622,Hervey Bay,AU,-25.2986,152.8535,77.02,75,42,8.99,scattered clouds
623,Kaoma,ZM,-14.7833,24.8,54.12,77,6,4.7,clear sky
624,Devils Lake,US,48.1128,-98.8651,37.51,92,100,26.46,moderate rain
625,Christchurch,NZ,-43.5333,172.6333,73.6,44,70,11.5,broken clouds
626,Quang Ngai,VN,15.1167,108.8,84.81,71,100,5.21,overcast clouds
627,Balaipungut,ID,1.05,101.2833,86.14,62,92,3.87,overcast clouds
628,Humaita,BR,-7.5061,-63.0208,74.21,97,82,0.94,broken clouds
629,Ngorongoro,TZ,-3.2397,35.4875,52.77,98,95,4.79,overcast clouds
630,Coahuayana,MX,18.7333,-103.6833,70.88,77,78,1.3,broken clouds
631,Harper,LR,4.375,-7.7169,79.41,84,98,5.99,overcast clouds
632,Riberalta,BO,-10.9833,-66.1,75.87,77,85,1.57,overcast clouds
633,Berbera,SO,10.4396,45.0143,83.88,79,90,5.35,overcast clouds
634,Kattivakkam,IN,13.2167,80.3167,87.89,89,21,15.48,few clouds
635,San Joaquin,US,37.9333,-121.3011,68.25,48,0,21.85,clear sky
636,Khandyga,RU,62.6667,135.6,40.33,65,68,4.0,broken clouds
637,Sao Miguel Do Araguaia,BR,-13.275,-50.1628,70.88,51,30,4.32,scattered clouds
638,Mpanda,TZ,-6.3655,31.0409,62.1,98,71,0.87,broken clouds
639,Bacungan,PH,9.9106,118.7022,87.85,70,40,6.91,scattered clouds
640,Charters Towers,AU,-20.1,146.2667,83.95,35,2,14.92,clear sky
641,Vigrestad,NO,58.5667,5.7,40.59,84,0,9.26,clear sky
642,Morondava,MG,-20.2833,44.2833,70.02,78,1,10.13,clear sky
643,Pavilosta,LV,56.8879,21.1859,46.31,72,99,5.5,overcast clouds
644,Gat,IL,31.61,34.7642,65.39,100,81,11.54,broken clouds
645,Lieksa,FI,63.3167,30.0167,26.37,93,89,1.14,overcast clouds
646,Atar,MR,20.5169,-13.0499,78.26,17,90,5.64,overcast clouds
647,Denpasar,ID,-8.65,115.2167,85.71,84,20,9.22,few clouds
648,Salou,ES,41.0766,1.1416,60.24,78,0,0.0,clear sky
649,Zemio,CF,5.0314,25.1361,68.49,98,98,2.68,overcast clouds
650,Akyab,MM,20.15,92.9,85.44,66,14,1.86,few clouds
651,Lakki Marwat,PK,32.6079,70.9114,95.92,13,0,1.5,clear sky
652,Champerico,GT,14.3,-91.9167,84.33,67,100,4.99,overcast clouds
653,Saryozek,KZ,44.3583,77.9753,71.76,24,13,11.45,few clouds
654,Cairns,AU,-16.9167,145.7667,80.06,89,100,11.5,overcast clouds
655,Eureka,US,40.8021,-124.1637,55.74,80,91,3.0,overcast clouds
656,Amboise,FR,47.4125,0.9827,46.94,79,0,9.22,clear sky
657,Karratha,AU,-20.7377,116.8463,85.5,42,86,14.25,overcast clouds
658,Maramag,PH,7.8167,124.95,82.6,64,78,4.18,broken clouds
659,Hammerfest,NO,70.6634,23.6821,30.65,64,40,2.3,light snow
660,Manakara,MG,-22.1333,48.0167,68.2,90,15,4.88,few clouds
661,Tateyama,JP,34.9833,139.8667,62.28,74,100,19.69,overcast clouds
662,Tsabong,BW,-26.0217,22.401,55.87,34,0,7.94,clear sky
663,Pemangkat,ID,1.1667,108.9667,86.29,66,55,4.85,broken clouds
664,Svetlogorsk,BY,52.6333,29.7333,37.53,69,73,4.76,broken clouds
665,Hohhot,CN,40.8106,111.6522,59.29,20,0,6.71,clear sky
666,Lodja,CD,-3.4833,23.4333,68.59,96,67,0.98,broken clouds
667,Noumea,NC,-22.2763,166.4572,82.38,99,68,13.94,broken clouds
668,Neuquen,AR,-38.9516,-68.0591,48.09,66,0,0.0,clear sky
669,Ewa Beach,US,21.3156,-158.0072,82.35,60,0,17.27,clear sky
670,Trairi,BR,-3.2778,-39.2689,75.78,91,83,5.79,broken clouds
671,Menongue,AO,-14.6585,17.691,56.17,68,14,4.76,few clouds
672,Monchegorsk,RU,67.9397,32.8739,20.34,87,83,3.04,broken clouds
673,Honningsvag,NO,70.9821,25.9704,28.15,93,100,6.91,snow
674,Grand Gaube,MU,-20.0064,57.6608,75.6,86,10,1.99,clear sky
675,Yankton,US,42.8711,-97.3973,43.05,87,100,31.07,overcast clouds
676,Reyes,BO,-14.3167,-67.3833,71.51,90,19,2.06,few clouds
677,Karla,EE,59.3723,24.9275,39.16,75,0,9.22,light rain
678,Amberieu-En-Bugey,FR,45.9589,5.3432,48.18,96,9,3.2,clear sky
679,Camacha,PT,33.0833,-16.3333,60.22,82,40,10.36,scattered clouds
680,Mago,RU,53.2514,140.1822,36.52,77,100,2.98,overcast clouds
681,Portland,US,45.5234,-122.6762,54.88,85,20,9.22,few clouds
682,Omsukchan,RU,62.5333,155.8,29.8,90,17,3.0,few clouds
683,Chiredzi,ZW,-21.05,31.6667,62.58,94,12,6.06,few clouds
684,Jumla,NP,29.2747,82.1838,63.5,45,35,5.23,scattered clouds
685,Pacific Grove,US,36.6177,-121.9166,64.35,87,40,8.05,scattered clouds
686,Mogocha,RU,53.7333,119.7667,51.4,29,77,3.06,broken clouds
687,Leningradskiy,RU,69.3833,178.4167,16.68,82,66,4.27,broken clouds
688,Westport,US,41.1415,-73.3579,52.32,56,0,9.22,clear sky
689,Kamakwie,SL,9.5,-12.2333,75.51,85,68,2.57,broken clouds
690,Port Keats,AU,-14.25,129.55,92.77,44,75,7.29,broken clouds
691,Qaqortoq,GL,60.7167,-46.0333,32.4,92,33,7.23,scattered clouds
692,Brae,GB,60.3964,-1.353,44.65,79,96,10.94,overcast clouds
693,Corlu,TR,41.1592,27.8,49.98,93,75,10.36,broken clouds
694,Waiouru,NZ,-39.4833,175.6667,59.86,47,8,4.61,clear sky
695,Kondinskoye,RU,59.6481,67.41,39.25,48,15,8.9,few clouds
696,Oranjemund,NA,-28.55,16.4333,55.11,73,0,8.34,clear sky
697,Zdolbuniv,UA,50.5206,26.2425,46.99,68,100,5.28,overcast clouds
698,Mananjary,MG,-21.2167,48.3333,69.51,87,37,5.77,scattered clouds
699,Waddan,LY,29.1614,16.139,76.44,17,96,18.5,overcast clouds
700,Wanaka,NZ,-44.7,169.15,57.25,74,100,7.14,overcast clouds
701,Kirakira,SB,-10.4544,161.9205,83.08,77,100,5.26,light rain
702,Kontagora,NG,10.3999,5.4695,81.46,52,91,4.5,overcast clouds
703,Brighton,GB,50.8284,-0.1395,50.41,86,100,1.99,overcast clouds
704,Chekhov,RU,55.1431,37.4711,30.09,71,14,3.49,few clouds
705,Wairoa,NZ,-39.0333,177.3667,68.56,62,3,3.0,clear sky
706,High Prairie,CA,55.4334,-116.4858,40.08,83,90,5.97,overcast clouds
707,Bowen,AU,-20.0167,148.2333,77.9,75,12,17.18,few clouds
708,Surt,LY,31.2089,16.5887,65.25,71,27,19.93,scattered clouds
709,Arari,BR,-3.4536,-44.78,73.06,97,100,2.93,overcast clouds
710,Jishou,CN,28.3167,109.7167,65.64,66,99,3.6,overcast clouds
711,Yen Bai,VN,21.7,104.8667,70.84,94,100,2.17,overcast clouds
712,Kirillov,RU,59.863,38.3813,32.58,65,99,7.78,overcast clouds
713,Bagdarin,RU,54.4333,113.6,54.68,50,83,2.68,broken clouds
714,Dingle,PH,10.9995,122.6711,87.66,61,100,11.16,overcast clouds
715,Naze,JP,28.3667,129.4833,67.12,66,100,12.44,light rain
716,Moose Factory,CA,51.2585,-80.6094,35.6,64,0,8.05,clear sky
717,Chokwe,MZ,-24.5333,32.9833,66.0,87,32,11.34,scattered clouds
718,Lexington,US,37.9887,-84.4777,73.4,56,40,10.36,scattered clouds
719,Astana,KZ,51.1801,71.446,51.75,76,0,8.95,clear sky
